"","time","hour","current_popularity","expected_popularity"
"1","2023-02-10 16:38:56",16,100,51
"2","2023-02-18 15:15:19",15,100,74
"3","2023-02-18 15:26:24",15,100,74
"4","2023-02-18 21:19:01",21,41,11
"5","2023-02-18 16:48:15",16,41,82
"6","2023-02-18 17:12:07",17,95,87
"7","2023-02-18 17:29:39",17,95,87
"8","2023-02-18 17:37:03",17,95,87
"9","2023-02-18 17:51:54",17,95,87
"10","2023-02-18 18:13:31",18,100,78
"11","2023-02-18 18:26:58",18,100,78
"12","2023-02-18 18:36:30",18,100,78
"13","2023-02-18 18:51:31",18,100,78
"14","2023-02-18 20:03:04",20,91,28
"15","2023-02-18 21:35:30",21,32,11
"16","2023-02-18 22:06:40",22,NA,0
"17","2023-02-18 22:32:48",22,NA,0
"18","2023-02-18 22:42:43",22,NA,0
"19","2023-02-18 22:51:33",22,NA,0
"20","2023-02-18 23:15:48",23,NA,NA
"21","2023-02-18 23:36:40",23,NA,NA
"22","2023-02-18 23:51:09",23,NA,NA
"23","2023-02-19 00:13:27",0,NA,NA
"24","2023-02-19 00:27:44",0,NA,NA
"25","2023-02-19 00:36:25",0,NA,NA
"26","2023-02-19 00:50:59",0,NA,NA
"27","2023-02-19 01:16:23",1,NA,NA
"28","2023-02-19 01:33:40",1,NA,NA
"29","2023-02-19 01:51:26",1,NA,NA
"30","2023-02-19 02:12:42",2,NA,NA
"31","2023-02-19 02:26:13",2,NA,NA
"32","2023-02-19 02:36:57",2,NA,NA
"33","2023-02-19 02:51:04",2,NA,NA
"34","2023-02-19 03:15:42",3,NA,NA
"35","2023-02-19 03:33:26",3,NA,NA
"36","2023-02-19 03:51:33",3,NA,NA
"37","2023-02-19 04:12:59",4,NA,NA
"38","2023-02-19 04:26:42",4,NA,NA
"39","2023-02-19 04:36:35",4,NA,NA
"40","2023-02-19 04:51:27",4,NA,NA
"41","2023-02-19 05:14:28",5,NA,NA
"42","2023-02-19 05:30:51",5,NA,NA
"43","2023-02-19 05:40:30",5,NA,NA
"44","2023-02-19 05:53:30",5,NA,NA
"45","2023-02-19 06:10:55",6,NA,0
"46","2023-02-19 06:23:10",6,NA,0
"47","2023-02-19 06:36:29",6,NA,0
"48","2023-02-19 06:51:00",6,NA,0
"49","2023-02-19 07:23:47",7,NA,0
"50","2023-02-19 07:56:05",7,NA,0
"51","2023-02-19 08:18:23",8,8,2
"52","2023-02-19 08:38:07",8,8,2
"53","2023-02-19 08:51:56",8,8,2
"54","2023-02-19 09:11:37",9,3,8
"55","2023-02-19 09:26:23",9,3,8
"56","2023-02-19 09:37:27",9,3,8
"57","2023-02-19 09:51:10",9,3,8
"58","2023-02-19 10:12:52",10,5,18
"59","2023-02-19 10:28:17",10,71,18
"60","2023-02-19 10:36:42",10,71,18
"61","2023-02-19 10:51:35",10,71,18
"62","2023-02-19 11:15:51",11,65,32
"63","2023-02-19 11:37:59",11,65,32
"64","2023-02-19 11:52:08",11,65,32
"65","2023-02-19 12:11:46",12,65,45
"66","2023-02-19 12:28:59",12,100,45
"67","2023-02-19 12:36:22",12,100,45
"68","2023-02-19 12:50:55",12,100,45
"69","2023-02-19 13:15:27",13,68,54
"70","2023-02-19 13:32:41",13,68,54
"71","2023-02-19 13:44:32",13,68,54
"72","2023-02-19 13:52:08",13,68,54
"73","2023-02-19 14:10:36",14,76,58
"74","2023-02-19 14:24:10",14,76,58
"75","2023-02-19 14:36:11",14,76,58
"76","2023-02-19 14:51:16",14,76,58
"77","2023-02-19 15:13:31",15,1,59
"78","2023-02-19 15:29:27",15,1,59
"79","2023-02-19 15:37:30",15,1,59
"80","2023-02-19 15:51:44",15,1,59
"81","2023-02-19 16:11:35",16,40,62
"82","2023-02-19 16:25:09",16,40,62
"83","2023-02-19 16:38:12",16,40,62
"84","2023-02-19 16:51:29",16,40,62
"85","2023-02-19 18:14:06",18,100,70
"86","2023-02-19 20:08:17",20,100,48
"87","2023-02-19 21:50:05",21,89,29
"88","2023-02-19 22:20:20",22,94,15
"89","2023-02-19 23:17:42",23,0,6
"90","2023-02-20 00:13:48",0,NA,NA
"91","2023-02-20 01:18:52",1,NA,NA
"92","2023-02-20 02:15:30",2,NA,NA
"93","2023-02-20 03:20:46",3,NA,NA
"94","2023-02-20 04:16:54",4,NA,NA
"95","2023-02-20 05:17:11",5,NA,0
"96","2023-02-20 06:13:39",6,NA,20
"97","2023-02-20 07:25:49",7,8,36
"98","2023-02-20 08:23:32",8,95,55
"99","2023-02-20 09:14:54",9,100,70
"100","2023-02-20 10:14:42",10,100,75
"101","2023-02-20 11:19:30",11,100,70
"102","2023-02-20 12:13:45",12,100,59
"103","2023-02-20 13:17:16",13,76,47
"104","2023-02-20 14:11:40",14,66,43
"105","2023-02-20 15:15:19",15,23,49
"106","2023-02-20 16:12:59",16,90,62
"107","2023-02-20 17:13:20",17,79,77
"108","2023-02-20 18:17:25",18,100,85
"109","2023-02-20 20:07:54",20,100,70
"110","2023-02-20 21:49:09",21,0,52
"111","2023-02-20 22:19:46",22,24,32
"112","2023-02-20 23:17:14",23,67,17
"113","2023-02-21 00:13:21",0,NA,NA
"114","2023-02-21 01:17:59",1,NA,NA
"115","2023-02-21 02:13:25",2,NA,NA
"116","2023-02-21 03:19:57",3,NA,NA
"117","2023-02-21 04:16:02",4,NA,NA
"118","2023-02-21 05:15:44",5,NA,0
"119","2023-02-21 06:12:55",6,20,39
"120","2023-02-21 07:26:14",7,10,59
"121","2023-02-21 08:24:43",8,100,77
"122","2023-02-21 09:14:05",9,99,86
"123","2023-02-21 10:15:15",10,87,84
"124","2023-02-21 11:18:03",11,79,72
"125","2023-02-21 12:13:11",12,60,56
"126","2023-02-21 13:17:32",13,15,44
"127","2023-02-21 14:12:18",14,34,41
"128","2023-02-21 15:15:41",15,52,51
"129","2023-02-21 16:13:20",16,31,69
"130","2023-02-21 17:14:05",17,38,88
"131","2023-02-21 18:15:10",18,72,100
"132","2023-02-21 20:02:51",20,100,82
"133","2023-02-21 21:48:17",21,100,59
"134","2023-02-21 22:18:05",22,22,35
"135","2023-02-21 23:19:42",23,68,17
"136","2023-02-22 00:14:12",0,NA,NA
"137","2023-02-22 01:25:44",1,NA,NA
"138","2023-02-22 02:13:18",2,NA,NA
"139","2023-02-22 03:19:08",3,NA,NA
"140","2023-02-22 04:14:41",4,NA,NA
"141","2023-02-22 05:18:04",5,NA,0
"142","2023-02-22 06:14:52",6,13,26
"143","2023-02-22 07:26:43",7,61,71
"144","2023-02-22 08:25:05",8,100,97
"145","2023-02-22 09:13:47",9,100,79
"146","2023-02-22 10:15:09",10,95,64
"147","2023-02-22 11:19:19",11,59,75
"148","2023-02-22 12:14:22",12,71,82
"149","2023-02-22 13:17:54",13,54,67
"150","2023-02-22 14:12:06",14,69,49
"151","2023-02-22 15:15:19",15,89,45
"152","2023-02-22 16:13:49",16,97,58
"153","2023-02-22 17:14:30",17,100,74
"154","2023-02-22 18:14:16",18,100,86
"155","2023-02-22 20:03:38",20,100,81
"156","2023-02-22 21:45:08",21,80,64
"157","2023-02-22 22:16:34",22,72,45
"158","2023-02-22 23:17:30",23,100,27
"159","2023-02-23 00:13:41",0,NA,NA
"160","2023-02-23 01:18:06",1,NA,NA
"161","2023-02-23 02:13:36",2,NA,NA
"162","2023-02-23 03:17:49",3,NA,NA
"163","2023-02-23 04:14:49",4,NA,NA
"164","2023-02-23 05:15:21",5,NA,0
"165","2023-02-23 06:12:38",6,NA,27
"166","2023-02-23 07:28:03",7,37,48
"167","2023-02-23 08:29:35",8,65,68
"168","2023-02-23 09:14:43",9,96,78
"169","2023-02-23 10:15:24",10,35,76
"170","2023-02-23 11:19:39",11,42,63
"171","2023-02-23 12:13:52",12,33,50
"172","2023-02-23 13:18:36",13,14,43
"173","2023-02-23 14:13:19",14,27,44
"174","2023-02-23 15:15:04",15,3,50
"175","2023-02-23 16:13:33",16,10,57
"176","2023-02-23 17:14:28",17,26,62
"177","2023-02-23 18:15:37",18,100,65
"178","2023-02-23 20:05:44",20,17,63
"179","2023-02-23 21:45:40",21,31,54
"180","2023-02-23 22:19:11",22,35,39
"181","2023-02-23 23:17:44",23,85,23
"182","2023-02-24 00:14:08",0,NA,NA
"183","2023-02-24 01:18:03",1,NA,NA
"184","2023-02-24 02:13:31",2,NA,NA
"185","2023-02-24 03:19:07",3,NA,NA
"186","2023-02-24 04:14:23",4,NA,NA
"187","2023-02-24 05:17:38",5,NA,0
"188","2023-02-24 06:14:18",6,32,23
"189","2023-02-24 07:25:42",7,56,44
"190","2023-02-24 08:23:09",8,83,59
"191","2023-02-24 09:13:43",9,100,61
"192","2023-02-24 10:13:12",10,68,60
"193","2023-02-24 11:19:49",11,100,65
"194","2023-02-24 12:14:12",12,100,68
"195","2023-02-24 13:18:17",13,100,59
"196","2023-02-24 14:13:27",14,69,47
"197","2023-02-24 15:17:18",15,92,45
"198","2023-02-24 16:13:55",16,51,51
"199","2023-02-24 17:14:11",17,100,56
"200","2023-02-24 18:14:31",18,100,54
"201","2023-02-24 20:05:09",20,100,32
"202","2023-02-24 21:48:10",21,100,20
"203","2023-02-24 22:17:56",22,NA,0
"204","2023-02-24 23:16:45",23,NA,NA
"205","2023-02-25 00:13:17",0,NA,NA
"206","2023-02-25 01:20:11",1,NA,NA
"207","2023-02-25 02:13:11",2,NA,NA
"208","2023-02-25 03:19:57",3,NA,NA
"209","2023-02-25 04:14:09",4,NA,NA
"210","2023-02-25 05:13:54",5,NA,0
"211","2023-02-25 06:11:21",6,2,4
"212","2023-02-25 07:23:13",7,3,10
"213","2023-02-25 08:18:38",8,4,17
"214","2023-02-25 09:12:26",9,5,27
"215","2023-02-25 10:13:39",10,6,39
"216","2023-02-25 11:17:10",11,53,49
"217","2023-02-25 12:13:12",12,62,58
"218","2023-02-25 13:16:56",13,78,64
"219","2023-02-25 14:12:03",14,77,68
"220","2023-02-25 15:15:35",15,44,74
"221","2023-02-25 16:12:29",16,89,82
"222","2023-02-25 17:13:23",17,100,87
"223","2023-02-25 18:13:54",18,100,78
"224","2023-02-25 20:13:01",20,100,28
"225","2023-02-25 21:56:36",21,100,11
"226","2023-02-25 22:26:28",22,NA,0
"227","2023-02-25 23:16:50",23,NA,NA
"228","2023-02-26 00:13:47",0,NA,NA
"229","2023-02-26 01:20:56",1,NA,NA
"230","2023-02-26 02:13:13",2,NA,NA
"231","2023-02-26 03:18:11",3,NA,NA
"232","2023-02-26 04:13:54",4,NA,NA
"233","2023-02-26 05:14:19",5,NA,NA
"234","2023-02-26 06:12:16",6,NA,0
"235","2023-02-26 07:26:47",7,NA,0
"236","2023-02-26 08:20:20",8,100,2
"237","2023-02-26 09:13:04",9,100,8
"238","2023-02-26 10:13:50",10,100,18
"239","2023-02-26 11:17:20",11,100,32
"240","2023-02-26 12:14:38",12,100,45
"241","2023-02-26 13:16:26",13,100,54
"242","2023-02-26 14:11:33",14,100,58
"243","2023-02-26 15:15:36",15,100,59
"244","2023-02-26 16:12:32",16,100,62
"245","2023-02-26 17:13:59",17,100,68
"246","2023-02-26 18:14:06",18,100,70
"247","2023-02-26 20:06:04",20,100,48
"248","2023-02-26 21:49:35",21,87,29
"249","2023-02-26 22:19:38",22,32,15
"250","2023-02-26 23:17:39",23,0,6
"251","2023-02-27 00:14:08",0,NA,NA
"252","2023-02-27 01:19:43",1,NA,NA
"253","2023-02-27 02:14:25",2,NA,NA
"254","2023-02-27 03:19:37",3,NA,NA
"255","2023-02-27 04:15:20",4,NA,NA
"256","2023-02-27 05:17:03",5,NA,0
"257","2023-02-27 06:12:48",6,60,20
"258","2023-02-27 07:27:55",7,28,36
"259","2023-02-27 08:24:54",8,96,55
"260","2023-02-27 09:14:38",9,100,70
"261","2023-02-27 10:16:32",10,100,75
"262","2023-02-27 11:19:32",11,98,70
"263","2023-02-27 12:14:30",12,100,59
"264","2023-02-27 13:18:17",13,51,47
"265","2023-02-27 14:12:29",14,80,43
"266","2023-02-27 15:15:46",15,23,49
"267","2023-02-27 16:13:38",16,38,62
"268","2023-02-27 17:14:30",17,94,77
"269","2023-02-27 18:14:47",18,100,85
"270","2023-02-27 20:05:13",20,89,70
"271","2023-02-27 21:47:04",21,84,52
"272","2023-02-27 22:18:51",22,21,32
"273","2023-02-27 23:16:57",23,0,17
"274","2023-02-28 00:15:12",0,NA,NA
"275","2023-02-28 01:20:16",1,NA,NA
"276","2023-02-28 02:14:42",2,NA,NA
"277","2023-02-28 03:18:59",3,NA,NA
"278","2023-02-28 04:15:27",4,NA,NA
"279","2023-02-28 05:15:57",5,NA,0
"280","2023-02-28 06:13:09",6,20,39
"281","2023-02-28 07:27:35",7,68,59
"282","2023-02-28 08:24:19",8,92,77
"283","2023-02-28 09:14:14",9,94,86
"284","2023-02-28 10:14:58",10,88,84
"285","2023-02-28 11:19:20",11,56,72
"286","2023-02-28 12:13:37",12,69,56
"287","2023-02-28 13:18:03",13,90,44
"288","2023-02-28 14:12:22",14,19,41
"289","2023-02-28 15:15:47",15,18,51
"290","2023-02-28 16:13:09",16,100,69
"291","2023-02-28 17:14:32",17,100,88
"292","2023-02-28 18:16:05",18,100,100
"293","2023-02-28 20:13:00",20,94,82
"294","2023-02-28 21:59:19",21,100,59
"295","2023-02-28 22:30:08",22,53,35
"296","2023-02-28 23:17:27",23,86,17
"297","2023-03-01 00:14:41",0,NA,NA
"298","2023-03-01 01:18:58",1,NA,NA
"299","2023-03-01 02:14:39",2,NA,NA
"300","2023-03-01 03:19:25",3,NA,NA
"301","2023-03-01 04:16:26",4,NA,NA
"302","2023-03-01 05:16:37",5,NA,0
"303","2023-03-01 06:12:58",6,NA,40
"304","2023-03-01 07:28:36",7,37,59
"305","2023-03-01 08:25:57",8,63,66
"306","2023-03-01 09:16:28",9,100,64
"307","2023-03-01 10:17:08",10,100,67
"308","2023-03-01 11:21:28",11,97,73
"309","2023-03-01 12:14:15",12,91,68
"310","2023-03-01 13:18:03",13,74,50
"311","2023-03-01 14:16:09",14,24,31
"312","2023-03-01 15:17:29",15,82,28
"313","2023-03-01 16:15:17",16,64,42
"314","2023-03-01 17:14:08",17,95,64
"315","2023-03-01 18:18:03",18,57,84
"316","2023-03-01 20:13:05",20,100,84
"317","2023-03-01 21:52:41",21,45,65
"318","2023-03-01 22:23:48",22,52,41
"319","2023-03-01 23:17:48",23,95,21
"320","2023-03-02 00:14:13",0,NA,NA
"321","2023-03-02 01:19:57",1,NA,NA
"322","2023-03-02 02:13:37",2,NA,NA
"323","2023-03-02 03:18:12",3,NA,NA
"324","2023-03-02 04:15:25",4,NA,NA
"325","2023-03-02 05:17:37",5,NA,0
"326","2023-03-02 06:13:27",6,NA,21
"327","2023-03-02 07:25:35",7,48,40
"328","2023-03-02 08:29:05",8,51,60
"329","2023-03-02 09:17:57",9,86,73
"330","2023-03-02 10:17:11",10,100,74
"331","2023-03-02 11:20:16",11,64,63
"332","2023-03-02 12:13:51",12,43,49
"333","2023-03-02 13:20:45",13,83,39
"334","2023-03-02 14:12:19",14,59,38
"335","2023-03-02 15:17:00",15,65,43
"336","2023-03-02 16:14:13",16,58,53
"337","2023-03-02 17:13:33",17,51,60
"338","2023-03-02 18:17:59",18,1,63
"339","2023-03-02 21:55:43",21,49,41
"340","2023-03-02 23:33:59",23,58,18
"341","2023-03-03 00:18:34",0,NA,NA
"342","2023-03-03 01:18:11",1,NA,NA
"343","2023-03-03 02:14:03",2,NA,NA
"344","2023-03-03 03:18:12",3,NA,NA
"345","2023-03-03 04:14:27",4,NA,NA
"346","2023-03-03 05:15:25",5,NA,0
"347","2023-03-03 06:13:33",6,NA,16
"348","2023-03-03 07:27:03",7,63,37
"349","2023-03-03 08:22:41",8,79,53
"350","2023-03-03 09:15:51",9,100,60
"351","2023-03-03 10:17:26",10,79,61
"352","2023-03-03 11:18:15",11,23,65
"353","2023-03-03 12:13:49",12,19,62
"354","2023-03-03 13:18:22",13,72,48
"355","2023-03-03 14:12:33",14,46,38
"356","2023-03-03 15:17:46",15,32,41
"357","2023-03-03 16:12:41",16,48,52
"358","2023-03-03 17:14:34",17,79,61
"359","2023-03-03 18:14:55",18,100,63
"360","2023-03-03 20:03:09",20,100,64
"361","2023-03-03 21:43:41",21,100,40
"362","2023-03-03 22:16:31",22,NA,0
"363","2023-03-03 23:17:10",23,NA,NA
"364","2023-03-04 00:12:54",0,NA,NA
"365","2023-03-04 01:16:56",1,NA,NA
"366","2023-03-04 02:13:40",2,NA,NA
"367","2023-03-04 03:17:56",3,NA,NA
"368","2023-03-04 04:13:20",4,NA,NA
"369","2023-03-04 05:14:52",5,NA,0
"370","2023-03-04 06:11:51",6,NA,4
"371","2023-03-04 07:25:08",7,NA,7
"372","2023-03-04 08:19:31",8,NA,11
"373","2023-03-04 09:13:17",9,NA,17
"374","2023-03-04 10:13:22",10,6,22
"375","2023-03-04 11:17:22",11,59,29
"376","2023-03-04 12:12:10",12,71,36
"377","2023-03-04 13:16:23",13,24,47
"378","2023-03-04 14:12:24",14,75,58
"379","2023-03-04 15:13:59",15,65,70
"380","2023-03-04 16:12:23",16,86,76
"381","2023-03-04 17:13:15",17,55,73
"382","2023-03-04 18:13:37",18,37,61
"383","2023-03-04 20:14:03",20,26,26
"384","2023-03-04 21:59:08",21,0,13
"385","2023-03-04 22:30:28",22,NA,0
"386","2023-03-04 23:16:39",23,NA,NA
"387","2023-03-05 00:13:54",0,NA,NA
"388","2023-03-05 01:17:13",1,NA,NA
"389","2023-03-05 02:14:19",2,NA,NA
"390","2023-03-05 03:16:33",3,NA,NA
"391","2023-03-05 04:15:10",4,NA,NA
"392","2023-03-05 05:14:33",5,NA,NA
"393","2023-03-05 06:12:02",6,NA,0
"394","2023-03-05 07:24:05",7,NA,0
"395","2023-03-05 08:18:56",8,1,11
"396","2023-03-05 09:12:20",9,11,17
"397","2023-03-05 10:14:00",10,93,24
"398","2023-03-05 11:17:00",11,13,31
"399","2023-03-05 12:12:38",12,34,37
"400","2023-03-05 13:17:27",13,47,42
"401","2023-03-05 14:11:51",14,54,45
"402","2023-03-05 15:14:46",15,39,49
"403","2023-03-05 16:12:09",16,39,53
"404","2023-03-05 17:13:47",17,94,57
"405","2023-03-05 18:14:31",18,39,59
"406","2023-03-05 20:06:13",20,84,43
"407","2023-03-05 21:50:43",21,23,29
"408","2023-03-05 22:21:06",22,0,15
"409","2023-03-05 23:23:07",23,42,6
"410","2023-03-06 00:14:14",0,NA,NA
"411","2023-03-06 01:18:55",1,NA,NA
"412","2023-03-06 02:14:08",2,NA,NA
"413","2023-03-06 03:20:27",3,NA,NA
"414","2023-03-06 04:15:50",4,NA,NA
"415","2023-03-06 05:15:51",5,NA,0
"416","2023-03-06 06:12:34",6,NA,26
"417","2023-03-06 07:26:33",7,88,43
"418","2023-03-06 08:26:18",8,67,58
"419","2023-03-06 09:14:04",9,82,65
"420","2023-03-06 10:15:25",10,52,61
"421","2023-03-06 11:19:47",11,89,51
"422","2023-03-06 12:15:30",12,57,41
"423","2023-03-06 13:18:36",13,37,39
"424","2023-03-06 14:12:46",14,100,47
"425","2023-03-06 15:18:02",15,28,64
"426","2023-03-06 16:15:12",16,42,81
"427","2023-03-06 17:17:22",17,65,94
"428","2023-03-06 18:16:38",18,100,99
"429","2023-03-06 20:12:50",20,83,80
"430","2023-03-06 21:57:48",21,100,57
"431","2023-03-06 22:31:36",22,63,32
"432","2023-03-06 23:17:43",23,49,13
"433","2023-03-07 00:15:13",0,NA,NA
"434","2023-03-07 01:19:23",1,NA,NA
"435","2023-03-07 02:13:01",2,NA,NA
"436","2023-03-07 03:19:06",3,NA,NA
"437","2023-03-07 04:15:50",4,NA,NA
"438","2023-03-07 05:16:07",5,NA,0
"439","2023-03-07 06:13:46",6,NA,23
"440","2023-03-07 07:27:14",7,14,39
"441","2023-03-07 08:26:32",8,8,57
"442","2023-03-07 09:16:00",9,96,69
"443","2023-03-07 10:18:03",10,100,70
"444","2023-03-07 11:19:14",11,38,61
"445","2023-03-07 12:13:45",12,62,46
"446","2023-03-07 13:20:36",13,0,29
"447","2023-03-07 14:14:33",14,38,23
"448","2023-03-07 15:16:55",15,37,36
"449","2023-03-07 16:13:21",16,44,70
"450","2023-03-07 17:14:56",17,100,100
"451","2023-03-07 18:18:01",18,61,95
"452","2023-03-07 20:10:10",20,100,67
"453","2023-03-07 21:53:02",21,32,71
"454","2023-03-07 22:22:26",22,0,57
"455","2023-03-07 23:17:52",23,0,27
"456","2023-03-08 00:16:17",0,NA,NA
"457","2023-03-08 01:21:34",1,NA,NA
"458","2023-03-08 02:15:56",2,NA,NA
"459","2023-03-08 03:19:43",3,NA,NA
"460","2023-03-08 04:17:14",4,NA,NA
"461","2023-03-08 05:15:56",5,NA,0
"462","2023-03-08 06:13:42",6,NA,15
"463","2023-03-08 07:27:26",7,18,53
"464","2023-03-08 08:23:46",8,35,87
"465","2023-03-08 09:16:18",9,90,77
"466","2023-03-08 10:17:29",10,38,51
"467","2023-03-08 11:21:17",11,100,46
"468","2023-03-08 12:13:48",12,43,50
"469","2023-03-08 13:17:52",13,24,47
"470","2023-03-08 14:14:33",14,47,41
"471","2023-03-08 15:16:18",15,88,44
"472","2023-03-08 16:14:04",16,100,57
"473","2023-03-08 17:17:09",17,100,73
"474","2023-03-08 18:15:58",18,100,85
"475","2023-03-08 20:10:31",20,100,78
"476","2023-03-08 21:51:50",21,0,61
"477","2023-03-08 22:22:16",22,41,41
"478","2023-03-08 23:17:27",23,100,24
"479","2023-03-09 00:14:30",0,NA,NA
"480","2023-03-09 01:21:05",1,NA,NA
"481","2023-03-09 02:14:34",2,NA,NA
"482","2023-03-09 03:19:12",3,NA,NA
"483","2023-03-09 04:16:22",4,NA,NA
"484","2023-03-09 05:16:10",5,NA,0
"485","2023-03-09 06:13:57",6,NA,19
"486","2023-03-09 07:27:24",7,36,35
"487","2023-03-09 08:33:00",8,28,50
"488","2023-03-09 09:14:11",9,57,58
"489","2023-03-09 10:20:03",10,42,55
"490","2023-03-09 11:20:27",11,37,45
"491","2023-03-09 12:14:14",12,35,36
"492","2023-03-09 13:18:13",13,0,33
"493","2023-03-09 14:12:34",14,27,36
"494","2023-03-09 15:17:10",15,61,44
"495","2023-03-09 16:16:58",16,5,53
"496","2023-03-09 17:17:52",17,56,60
"497","2023-03-09 18:15:23",18,100,63
"498","2023-03-09 20:08:51",20,91,52
"499","2023-03-09 21:56:22",21,34,41
"500","2023-03-09 22:27:12",22,26,29
"501","2023-03-09 23:18:49",23,18,19
"502","2023-03-10 00:14:25",0,NA,NA
"503","2023-03-10 01:22:18",1,NA,NA
"504","2023-03-10 02:13:44",2,NA,NA
"505","2023-03-10 03:19:20",3,NA,NA
"506","2023-03-10 04:14:59",4,NA,NA
"507","2023-03-10 05:17:34",5,NA,0
"508","2023-03-10 06:12:56",6,NA,16
"509","2023-03-10 07:26:58",7,72,44
"510","2023-03-10 08:26:24",8,100,52
"511","2023-03-10 09:14:24",9,97,39
"512","2023-03-10 10:14:17",10,24,40
"513","2023-03-10 11:20:24",11,68,58
"514","2023-03-10 12:15:37",12,65,64
"515","2023-03-10 13:15:53",13,75,52
"516","2023-03-10 14:11:52",14,77,38
"517","2023-03-10 15:14:49",15,70,41
"518","2023-03-10 16:13:18",16,64,59
"519","2023-03-10 17:13:00",17,100,79
"520","2023-03-10 18:14:51",18,41,89
"521","2023-03-10 19:59:09",19,68,83
"522","2023-03-10 21:11:16",21,87,40
"523","2023-03-10 22:18:10",22,NA,0
"524","2023-03-10 23:16:00",23,NA,NA
"525","2023-03-11 00:13:59",0,NA,NA
"526","2023-03-11 01:16:11",1,NA,NA
"527","2023-03-11 02:12:04",2,NA,NA
"528","2023-03-11 03:17:07",3,NA,NA
"529","2023-03-11 04:13:03",4,NA,NA
"530","2023-03-11 05:13:40",5,NA,0
"531","2023-03-11 06:11:13",6,NA,4
"532","2023-03-11 07:23:57",7,NA,7
"533","2023-03-11 08:17:36",8,NA,11
"534","2023-03-11 09:11:42",9,NA,17
"535","2023-03-11 10:13:11",10,NA,22
"536","2023-03-11 11:16:09",11,NA,29
"537","2023-03-11 12:11:55",12,NA,36
"538","2023-03-11 13:15:32",13,22,47
"539","2023-03-11 14:11:23",14,1,58
"540","2023-03-11 15:18:20",15,0,70
"541","2023-03-11 16:11:53",16,79,76
"542","2023-03-11 17:12:46",17,4,73
"543","2023-03-11 18:13:26",18,91,61
"544","2023-03-11 20:07:17",20,40,26
"545","2023-03-11 21:45:07",21,62,13
"546","2023-03-11 22:15:36",22,NA,0
"547","2023-03-11 23:16:07",23,NA,NA
"548","2023-03-12 00:13:35",0,NA,NA
"549","2023-03-12 01:18:22",1,NA,NA
"550","2023-03-12 03:12:21",3,NA,NA
"551","2023-03-12 04:16:13",4,NA,NA
"552","2023-03-12 05:13:14",5,NA,NA
"553","2023-03-12 06:14:12",6,NA,0
"554","2023-03-12 07:11:05",7,NA,0
"555","2023-03-12 08:24:34",8,0,11
"556","2023-03-12 09:17:48",9,NA,17
"557","2023-03-12 10:12:35",10,NA,24
"558","2023-03-12 11:12:58",11,NA,31
"559","2023-03-12 12:16:22",12,NA,37
"560","2023-03-12 13:14:13",13,31,42
"561","2023-03-12 14:15:42",14,22,45
"562","2023-03-12 15:11:16",15,20,49
"563","2023-03-12 16:15:55",16,24,53
"564","2023-03-12 17:11:51",17,100,57
"565","2023-03-12 18:15:46",18,64,59
"566","2023-03-12 19:14:44",19,58,55
"567","2023-03-12 21:04:06",21,54,29
"568","2023-03-12 22:38:16",22,0,15
"569","2023-03-12 23:14:53",23,35,6
"570","2023-03-13 00:16:45",0,NA,NA
"571","2023-03-13 01:13:55",1,NA,NA
"572","2023-03-13 02:21:07",2,NA,NA
"573","2023-03-13 03:13:00",3,NA,NA
"574","2023-03-13 04:20:05",4,NA,NA
"575","2023-03-13 05:14:41",5,NA,0
"576","2023-03-13 06:17:28",6,21,26
"577","2023-03-13 07:12:44",7,10,43
"578","2023-03-13 08:26:14",8,41,58
"579","2023-03-13 09:23:52",9,90,65
"580","2023-03-13 10:13:32",10,93,61
"581","2023-03-13 11:16:11",11,46,51
"582","2023-03-13 12:18:54",12,0,41
"583","2023-03-13 13:15:34",13,15,39
"584","2023-03-13 14:19:01",14,67,47
"585","2023-03-13 15:11:52",15,4,64
"586","2023-03-13 16:15:19",16,6,81
"587","2023-03-13 17:13:07",17,25,94
"588","2023-03-13 18:14:15",18,23,99
"589","2023-03-13 19:14:16",19,100,94
"590","2023-03-13 20:56:11",20,29,80
"591","2023-03-13 22:02:54",22,65,32
"592","2023-03-13 23:15:37",23,100,13
"593","2023-03-14 00:17:33",0,NA,NA
"594","2023-03-14 01:13:34",1,NA,NA
"595","2023-03-14 02:19:41",2,NA,NA
"596","2023-03-14 03:14:50",3,NA,NA
"597","2023-03-14 04:23:27",4,NA,NA
"598","2023-03-14 05:15:38",5,NA,0
"599","2023-03-14 06:17:20",6,NA,23
"600","2023-03-14 07:14:29",7,9,39
"601","2023-03-14 08:32:18",8,27,57
"602","2023-03-14 09:33:23",9,5,69
"603","2023-03-14 10:18:10",10,80,70
"604","2023-03-14 11:17:29",11,13,61
"605","2023-03-14 12:22:18",12,0,46
"606","2023-03-14 13:19:08",13,0,29
"607","2023-03-14 14:20:29",14,23,23
"608","2023-03-14 15:15:06",15,2,36
"609","2023-03-14 16:21:37",16,47,70
"610","2023-03-14 17:13:04",17,83,100
"611","2023-03-14 18:13:23",18,65,95
"612","2023-03-14 19:16:12",19,100,72
"613","2023-03-14 21:03:39",21,51,71
"614","2023-03-14 22:37:50",22,16,57
"615","2023-03-14 23:15:46",23,25,27
"616","2023-03-15 00:17:07",0,NA,NA
"617","2023-03-15 01:13:51",1,NA,NA
"618","2023-03-15 02:19:37",2,NA,NA
"619","2023-03-15 03:13:12",3,NA,NA
"620","2023-03-15 04:18:12",4,NA,NA
"621","2023-03-15 05:15:10",5,NA,0
"622","2023-03-15 06:15:42",6,NA,15
"623","2023-03-15 07:12:46",7,NA,53
"624","2023-03-15 08:25:48",8,18,87
"625","2023-03-15 09:23:33",9,18,77
"626","2023-03-15 10:13:19",10,1,51
"627","2023-03-15 11:16:10",11,79,46
"628","2023-03-15 12:19:52",12,0,50
"629","2023-03-15 13:15:58",13,25,47
"630","2023-03-15 14:19:40",14,0,41
"631","2023-03-15 15:12:05",15,30,44
"632","2023-03-15 16:16:08",16,55,57
"633","2023-03-15 17:13:34",17,100,73
"634","2023-03-15 18:13:21",18,78,85
"635","2023-03-15 19:11:55",19,76,87
"636","2023-03-15 21:07:53",21,35,61
"637","2023-03-15 22:38:19",22,50,41
"638","2023-03-15 23:14:57",23,9,24
"639","2023-03-16 00:16:35",0,NA,NA
"640","2023-03-16 01:13:27",1,NA,NA
"641","2023-03-16 02:18:40",2,NA,NA
"642","2023-03-16 03:13:20",3,NA,NA
"643","2023-03-16 04:17:37",4,NA,NA
"644","2023-03-16 05:14:26",5,NA,0
"645","2023-03-16 06:15:06",6,NA,19
"646","2023-03-16 07:12:28",7,56,35
"647","2023-03-16 08:26:29",8,68,50
"648","2023-03-16 09:25:59",9,42,58
"649","2023-03-16 10:13:48",10,40,55
"650","2023-03-16 11:17:27",11,12,45
"651","2023-03-16 12:21:19",12,0,36
"652","2023-03-16 13:14:02",13,100,33
"653","2023-03-16 14:18:00",14,66,36
"654","2023-03-16 15:12:25",15,69,44
"655","2023-03-16 16:18:09",16,44,53
"656","2023-03-16 17:13:24",17,90,60
"657","2023-03-16 18:13:20",18,42,63
"658","2023-03-16 19:15:40",19,31,59
"659","2023-03-16 21:05:05",21,56,41
"660","2023-03-16 22:37:19",22,50,29
"661","2023-03-16 23:14:52",23,11,19
"662","2023-03-17 00:17:42",0,NA,NA
"663","2023-03-17 01:14:24",1,NA,NA
"664","2023-03-17 02:17:20",2,NA,NA
"665","2023-03-17 03:13:09",3,NA,NA
"666","2023-03-17 04:19:53",4,NA,NA
"667","2023-03-17 05:14:29",5,NA,0
"668","2023-03-17 06:14:34",6,NA,16
"669","2023-03-17 07:12:35",7,16,44
"670","2023-03-17 08:25:54",8,47,52
"671","2023-03-17 09:24:37",9,44,39
"672","2023-03-17 10:13:10",10,42,40
"673","2023-03-17 11:14:24",11,2,79
"674","2023-03-17 12:18:29",12,33,82
"675","2023-03-17 13:14:24",13,34,52
"676","2023-03-17 14:17:40",14,35,35
"677","2023-03-17 15:14:33",15,100,38
"678","2023-03-17 16:16:54",16,74,55
"679","2023-03-17 17:15:52",17,79,73
"680","2023-03-17 18:14:52",18,76,80
"681","2023-03-17 19:13:46",19,27,73
"682","2023-03-17 21:02:33",21,100,34
"683","2023-03-17 22:16:46",22,NA,0
"684","2023-03-17 23:15:18",23,NA,NA
"685","2023-03-18 00:16:18",0,NA,NA
"686","2023-03-18 01:14:26",1,NA,NA
"687","2023-03-18 02:16:47",2,NA,NA
"688","2023-03-18 03:12:50",3,NA,NA
"689","2023-03-18 04:16:56",4,NA,NA
"690","2023-03-18 05:13:07",5,NA,0
"691","2023-03-18 06:13:56",6,NA,1
"692","2023-03-18 07:12:34",7,NA,1
"693","2023-03-18 08:23:06",8,NA,5
"694","2023-03-18 09:18:03",9,NA,11
"695","2023-03-18 10:12:22",10,NA,19
"696","2023-03-18 11:15:06",11,NA,29
"697","2023-03-18 12:16:53",12,5,37
"698","2023-03-18 13:12:25",13,7,43
"699","2023-03-18 14:16:46",14,1,48
"700","2023-03-18 15:10:57",15,46,56
"701","2023-03-18 16:17:02",16,25,67
"702","2023-03-18 17:12:56",17,100,73
"703","2023-03-18 18:12:54",18,54,65
"704","2023-03-18 19:16:08",19,100,44
"705","2023-03-18 21:10:02",21,39,8
"706","2023-03-18 22:45:30",22,NA,0
"707","2023-03-18 23:15:52",23,NA,NA
"708","2023-03-19 00:16:18",0,NA,NA
"709","2023-03-19 01:13:16",1,NA,NA
"710","2023-03-19 02:17:52",2,NA,NA
"711","2023-03-19 03:12:55",3,NA,NA
"712","2023-03-19 04:16:45",4,NA,NA
"713","2023-03-19 05:13:44",5,NA,NA
"714","2023-03-19 06:14:20",6,NA,0
"715","2023-03-19 07:12:06",7,NA,0
"716","2023-03-19 08:24:48",8,NA,7
"717","2023-03-19 09:17:59",9,NA,13
"718","2023-03-19 10:12:34",10,NA,21
"719","2023-03-19 11:14:05",11,NA,29
"720","2023-03-19 12:17:16",12,6,37
"721","2023-03-19 13:13:04",13,59,43
"722","2023-03-19 14:16:18",14,55,46
"723","2023-03-19 15:12:36",15,84,47
"724","2023-03-19 16:16:03",16,69,50
"725","2023-03-19 17:12:55",17,100,65
"726","2023-03-19 18:13:14",18,100,74
"727","2023-03-19 19:13:44",19,86,54
"728","2023-03-19 21:05:27",21,41,32
"729","2023-03-19 22:41:14",22,72,14
"730","2023-03-19 23:14:48",23,0,1
"731","2023-03-20 00:19:02",0,NA,NA
"732","2023-03-20 01:13:32",1,NA,NA
"733","2023-03-20 02:19:04",2,NA,NA
"734","2023-03-20 03:14:03",3,NA,NA
"735","2023-03-20 04:19:29",4,NA,NA
"736","2023-03-20 05:15:21",5,NA,0
"737","2023-03-20 06:17:00",6,NA,21
"738","2023-03-20 07:13:40",7,11,37
"739","2023-03-20 08:26:04",8,71,52
"740","2023-03-20 09:23:09",9,51,60
"741","2023-03-20 10:15:00",10,100,57
"742","2023-03-20 11:15:08",11,100,47
"743","2023-03-20 12:19:44",12,100,36
"744","2023-03-20 13:15:55",13,83,33
"745","2023-03-20 14:17:46",14,32,41
"746","2023-03-20 15:12:24",15,31,58
"747","2023-03-20 16:16:59",16,56,79
"748","2023-03-20 17:13:02",17,56,95
"749","2023-03-20 18:13:13",18,54,100
"750","2023-03-20 19:18:50",19,100,91
"751","2023-03-20 21:12:08",21,0,49
"752","2023-03-20 22:06:36",22,0,28
"753","2023-03-20 23:15:08",23,52,13
"754","2023-03-21 00:15:31",0,NA,NA
"755","2023-03-21 01:13:18",1,NA,NA
"756","2023-03-21 02:20:30",2,NA,NA
"757","2023-03-21 03:13:34",3,NA,NA
"758","2023-03-21 04:16:58",4,NA,NA
"759","2023-03-21 05:14:43",5,NA,0
"760","2023-03-21 06:18:51",6,35,25
"761","2023-03-21 07:14:23",7,28,45
"762","2023-03-21 08:24:18",8,54,67
"763","2023-03-21 09:14:15",9,79,81
"764","2023-03-21 10:11:56",10,45,82
"765","2023-03-21 11:12:57",11,100,71
"766","2023-03-21 12:17:50",12,47,52
"767","2023-03-21 13:13:37",13,52,35
"768","2023-03-21 14:16:46",14,21,34
"769","2023-03-21 15:11:15",15,47,53
"770","2023-03-21 16:14:02",16,24,83
"771","2023-03-21 17:13:13",17,27,100
"772","2023-03-21 18:11:42",18,60,89
"773","2023-03-21 19:13:53",19,100,70
"774","2023-03-21 21:02:10",21,83,65
"775","2023-03-21 22:11:47",22,95,47
"776","2023-03-21 23:14:21",23,41,21
"777","2023-03-22 00:16:34",0,NA,NA
"778","2023-03-22 01:14:28",1,NA,NA
"779","2023-03-22 02:18:38",2,NA,NA
"780","2023-03-22 03:13:18",3,NA,NA
"781","2023-03-22 04:17:39",4,NA,NA
"782","2023-03-22 05:14:43",5,NA,0
"783","2023-03-22 06:16:49",6,24,22
"784","2023-03-22 07:12:14",7,11,60
"785","2023-03-22 08:27:15",8,38,87
"786","2023-03-22 09:18:27",9,100,80
"787","2023-03-22 10:12:55",10,100,63
"788","2023-03-22 11:15:12",11,91,56
"789","2023-03-22 12:17:43",12,30,50
"790","2023-03-22 13:13:04",13,100,42
"791","2023-03-22 14:18:33",14,93,40
"792","2023-03-22 15:11:57",15,100,50
"793","2023-03-22 16:14:05",16,18,69
"794","2023-03-22 17:12:20",17,13,86
"795","2023-03-22 18:12:21",18,100,97
"796","2023-03-22 19:12:26",19,100,95
"797","2023-03-22 21:03:25",21,89,61
"798","2023-03-22 22:09:27",22,19,39
"799","2023-03-22 23:14:29",23,81,21
"800","2023-03-23 00:15:57",0,NA,NA
"801","2023-03-23 01:12:47",1,NA,NA
"802","2023-03-23 02:17:13",2,NA,NA
"803","2023-03-23 03:12:36",3,NA,NA
"804","2023-03-23 04:18:31",4,NA,NA
"805","2023-03-23 05:13:34",5,NA,0
"806","2023-03-23 06:15:03",6,NA,33
"807","2023-03-23 07:13:02",7,22,55
"808","2023-03-23 08:25:44",8,56,67
"809","2023-03-23 09:20:07",9,53,63
"810","2023-03-23 10:16:15",10,99,51
"811","2023-03-23 11:14:43",11,NA,40
"812","2023-03-23 12:23:45",12,62,37
"813","2023-03-23 13:16:52",13,17,39
"814","2023-03-23 14:17:22",14,51,43
"815","2023-03-23 15:14:10",15,29,48
"816","2023-03-23 16:14:18",16,55,54
"817","2023-03-23 17:12:37",17,55,60
"818","2023-03-23 18:14:57",18,100,67
"819","2023-03-23 19:14:21",19,100,69
"820","2023-03-23 21:00:02",21,13,51
"821","2023-03-23 22:11:02",22,56,34
"822","2023-03-23 23:14:19",23,66,18
"823","2023-03-24 00:18:43",0,NA,NA
"824","2023-03-24 01:13:14",1,NA,NA
"825","2023-03-24 02:17:15",2,NA,NA
"826","2023-03-24 03:12:43",3,NA,NA
"827","2023-03-24 04:15:52",4,NA,NA
"828","2023-03-24 05:14:01",5,NA,0
"829","2023-03-24 06:14:49",6,NA,27
"830","2023-03-24 07:12:16",7,11,48
"831","2023-03-24 08:23:43",8,89,53
"832","2023-03-24 09:18:17",9,57,47
"833","2023-03-24 10:15:50",10,46,56
"834","2023-03-24 11:16:28",11,53,79
"835","2023-03-24 12:18:00",12,100,82
"836","2023-03-24 13:13:50",13,25,56
"837","2023-03-24 14:17:03",14,26,35
"838","2023-03-24 15:13:14",15,100,38
"839","2023-03-24 16:15:03",16,100,55
"840","2023-03-24 17:12:49",17,63,73
"841","2023-03-24 18:14:21",18,97,80
"842","2023-03-24 19:12:53",19,100,73
"843","2023-03-24 20:59:17",20,49,55
"844","2023-03-24 22:06:28",22,NA,0
"845","2023-03-24 23:13:51",23,NA,NA
"846","2023-03-25 00:15:27",0,NA,NA
"847","2023-03-25 01:12:32",1,NA,NA
"848","2023-03-25 02:17:06",2,NA,NA
"849","2023-03-25 03:12:10",3,NA,NA
"850","2023-03-25 04:16:39",4,NA,NA
"851","2023-03-25 05:12:29",5,NA,0
"852","2023-03-25 06:14:00",6,1,1
"853","2023-03-25 07:12:59",7,NA,1
"854","2023-03-25 08:23:02",8,11,5
"855","2023-03-25 09:15:10",9,27,11
"856","2023-03-25 10:11:45",10,100,19
"857","2023-03-25 11:12:31",11,100,29
"858","2023-03-25 12:19:14",12,5,37
"859","2023-03-25 13:11:19",13,4,43
"860","2023-03-25 14:15:25",14,49,48
"861","2023-03-25 15:11:01",15,48,56
"862","2023-03-25 16:14:25",16,13,67
"863","2023-03-25 17:11:34",17,55,73
"864","2023-03-25 18:13:13",18,70,65
"865","2023-03-25 19:12:50",19,33,44
"866","2023-03-25 21:04:51",21,60,8
"867","2023-03-25 22:36:43",22,NA,0
"868","2023-03-25 23:17:51",23,NA,NA
"869","2023-03-26 00:15:37",0,NA,NA
"870","2023-03-26 01:12:50",1,NA,NA
"871","2023-03-26 02:15:43",2,NA,NA
"872","2023-03-26 03:13:16",3,NA,NA
"873","2023-03-26 04:16:02",4,NA,NA
"874","2023-03-26 05:12:37",5,NA,NA
"875","2023-03-26 06:13:13",6,NA,0
"876","2023-03-26 07:11:06",7,NA,0
"877","2023-03-26 08:24:44",8,1,7
"878","2023-03-26 09:16:07",9,3,13
"879","2023-03-26 10:11:43",10,100,21
"880","2023-03-26 11:12:36",11,99,29
"881","2023-03-26 12:15:40",12,99,37
"882","2023-03-26 13:15:27",13,100,43
"883","2023-03-26 14:16:07",14,100,46
"884","2023-03-26 15:12:08",15,57,47
"885","2023-03-26 16:15:38",16,100,50
"886","2023-03-26 17:13:06",17,100,65
"887","2023-03-26 18:12:19",18,100,74
"888","2023-03-26 19:13:46",19,19,54
"889","2023-03-26 20:59:19",20,41,37
"890","2023-03-26 22:08:37",22,55,14
"891","2023-03-26 23:15:14",23,28,1
"892","2023-03-27 00:16:50",0,NA,NA
"893","2023-03-27 01:15:30",1,NA,NA
"894","2023-03-27 02:18:39",2,NA,NA
"895","2023-03-27 03:17:36",3,NA,NA
"896","2023-03-27 04:18:10",4,NA,NA
"897","2023-03-27 05:14:40",5,NA,0
"898","2023-03-27 06:18:13",6,NA,21
"899","2023-03-27 07:14:17",7,14,37
"900","2023-03-27 09:23:52",9,91,60
"901","2023-03-27 10:27:26",10,62,57
"902","2023-03-27 11:14:47",11,89,47
"903","2023-03-27 12:18:11",12,93,36
"904","2023-03-27 13:14:28",13,95,33
"905","2023-03-27 14:18:42",14,100,41
"906","2023-03-27 15:14:21",15,64,58
"907","2023-03-27 16:16:29",16,64,79
"908","2023-03-27 17:13:11",17,75,95
"909","2023-03-27 18:12:56",18,54,100
"910","2023-03-27 19:16:51",19,100,91
"911","2023-03-27 21:03:12",21,65,49
"912","2023-03-27 22:34:06",22,32,28
"913","2023-03-27 23:16:07",23,37,13
"914","2023-03-28 00:16:13",0,NA,NA
"915","2023-03-28 01:13:53",1,NA,NA
"916","2023-03-28 02:17:46",2,NA,NA
"917","2023-03-28 03:14:02",3,NA,NA
"918","2023-03-28 04:19:21",4,NA,NA
"919","2023-03-28 05:14:22",5,NA,0
"920","2023-03-28 06:16:28",6,16,25
"921","2023-03-28 07:12:17",7,9,45
"922","2023-03-28 08:25:58",8,100,67
"923","2023-03-28 09:22:34",9,43,81
"924","2023-03-28 10:15:03",10,74,82
"925","2023-03-28 11:16:30",11,69,71
"926","2023-03-28 12:23:25",12,27,52
"927","2023-03-28 13:12:48",13,46,35
"928","2023-03-28 14:17:51",14,81,34
"929","2023-03-28 15:11:36",15,48,53
"930","2023-03-28 16:15:37",16,39,83
"931","2023-03-28 17:11:47",17,42,100
"932","2023-03-28 18:14:09",18,52,89
"933","2023-03-28 19:14:35",19,100,70
"934","2023-03-28 21:06:01",21,94,65
"935","2023-03-28 22:41:06",22,45,47
"936","2023-03-28 23:14:25",23,68,21
"937","2023-03-29 00:16:39",0,NA,NA
"938","2023-03-29 01:14:52",1,NA,NA
"939","2023-03-29 02:18:36",2,NA,NA
"940","2023-03-29 03:12:57",3,NA,NA
"941","2023-03-29 04:17:06",4,NA,NA
"942","2023-03-29 05:15:35",5,NA,0
"943","2023-03-29 06:14:46",6,NA,22
"944","2023-03-29 07:14:46",7,9,60
"945","2023-03-29 08:27:01",8,26,87
"946","2023-03-29 09:22:08",9,100,80
"947","2023-03-29 10:19:12",10,99,63
"948","2023-03-29 11:24:42",11,58,56
"949","2023-03-29 13:41:15",13,50,42
"950","2023-03-29 14:23:22",14,52,40
"951","2023-03-29 15:13:47",15,60,50
"952","2023-03-29 16:16:55",16,25,69
"953","2023-03-29 17:13:00",17,29,86
"954","2023-03-29 18:13:28",18,100,97
"955","2023-03-29 19:13:49",19,100,95
"956","2023-03-29 21:02:55",21,83,61
"957","2023-03-29 22:16:44",22,31,39
"958","2023-03-29 23:16:40",23,100,21
"959","2023-03-30 00:15:07",0,NA,NA
"960","2023-03-30 01:15:41",1,NA,NA
"961","2023-03-30 02:17:50",2,NA,NA
"962","2023-03-30 03:13:05",3,NA,NA
"963","2023-03-30 04:16:44",4,NA,NA
"964","2023-03-30 05:16:25",5,NA,0
"965","2023-03-30 06:15:10",6,NA,33
"966","2023-03-30 07:11:39",7,10,55
"967","2023-03-30 08:27:06",8,64,67
"968","2023-03-30 09:21:28",9,100,63
"969","2023-03-30 10:14:43",10,100,51
"970","2023-03-30 11:14:20",11,90,40
"971","2023-03-30 12:17:29",12,88,37
"972","2023-03-30 13:12:00",13,100,39
"973","2023-03-30 14:15:27",14,53,43
"974","2023-03-30 15:10:15",15,57,48
"975","2023-03-30 16:14:22",16,53,54
"976","2023-03-30 17:11:40",17,50,60
"977","2023-03-30 18:12:28",18,47,67
"978","2023-03-30 19:14:04",19,43,69
"979","2023-03-30 21:02:40",21,25,51
"980","2023-03-30 22:13:53",22,24,34
"981","2023-03-30 23:13:51",23,59,18
"982","2023-03-31 00:16:01",0,NA,NA
"983","2023-03-31 01:12:37",1,NA,NA
"984","2023-03-31 02:19:58",2,NA,NA
"985","2023-03-31 03:13:35",3,NA,NA
"986","2023-03-31 04:17:10",4,NA,NA
"987","2023-03-31 05:13:18",5,NA,0
"988","2023-03-31 06:17:22",6,NA,27
"989","2023-03-31 07:11:12",7,32,48
"990","2023-03-31 08:25:14",8,66,53
"991","2023-03-31 09:19:46",9,86,47
"992","2023-03-31 10:12:37",10,74,56
"993","2023-03-31 11:13:44",11,89,79
"994","2023-03-31 12:18:13",12,94,82
"995","2023-03-31 13:12:29",13,28,56
"996","2023-03-31 14:15:53",14,88,35
"997","2023-03-31 15:12:44",15,46,38
"998","2023-03-31 16:12:59",16,75,55
"999","2023-03-31 17:10:09",17,100,73
"1000","2023-03-31 18:11:54",18,55,80
"1001","2023-03-31 19:12:25",19,93,73
"1002","2023-03-31 21:00:31",21,60,34
"1003","2023-03-31 22:07:31",22,NA,0
"1004","2023-03-31 23:13:44",23,NA,NA
"1005","2023-04-01 00:16:01",0,NA,NA
"1006","2023-04-01 01:11:42",1,NA,NA
"1007","2023-04-01 02:15:02",2,NA,NA
"1008","2023-04-01 03:11:56",3,NA,NA
"1009","2023-04-01 04:15:16",4,NA,NA
"1010","2023-04-01 05:11:48",5,NA,0
"1011","2023-04-01 06:13:42",6,NA,1
"1012","2023-04-01 07:10:05",7,NA,1
"1013","2023-04-01 08:21:30",8,NA,1
"1014","2023-04-01 09:13:16",9,5,6
"1015","2023-04-01 10:10:58",10,6,14
"1016","2023-04-01 11:12:30",11,20,24
"1017","2023-04-01 12:15:44",12,65,34
"1018","2023-04-01 13:10:30",13,63,41
"1019","2023-04-01 14:14:07",14,76,44
"1020","2023-04-01 15:09:55",15,75,48
"1021","2023-04-01 16:14:21",16,81,54
"1022","2023-04-01 17:10:52",17,83,59
"1023","2023-04-01 18:11:36",18,100,58
"1024","2023-04-01 19:12:58",19,100,47
"1025","2023-04-01 21:01:50",21,27,15
"1026","2023-04-01 22:09:46",22,NA,0
"1027","2023-04-01 23:13:33",23,NA,NA
"1028","2023-04-02 00:14:56",0,NA,NA
"1029","2023-04-02 01:11:52",1,NA,NA
"1030","2023-04-02 02:15:56",2,NA,NA
"1031","2023-04-02 03:12:00",3,NA,NA
"1032","2023-04-02 04:16:01",4,NA,NA
"1033","2023-04-02 05:11:39",5,NA,NA
"1034","2023-04-02 06:12:57",6,NA,0
"1035","2023-04-02 07:12:33",7,NA,0
"1036","2023-04-02 08:21:57",8,NA,85
"1037","2023-04-02 09:14:29",9,NA,94
"1038","2023-04-02 10:11:43",10,53,93
"1039","2023-04-02 11:14:43",11,100,100
"1040","2023-04-02 12:15:07",12,100,98
"1041","2023-04-02 13:11:15",13,83,82
"1042","2023-04-02 14:14:13",14,100,67
"1043","2023-04-02 15:09:39",15,1,66
"1044","2023-04-02 16:13:50",16,59,72
"1045","2023-04-02 17:13:58",17,65,76
"1046","2023-04-02 18:11:14",18,63,70
"1047","2023-04-02 19:12:47",19,100,56
"1048","2023-04-02 20:58:44",20,100,37
"1049","2023-04-02 22:01:49",22,64,9
"1050","2023-04-02 22:34:11",22,37,9
"1051","2023-04-02 23:13:35",23,48,2
"1052","2023-04-03 00:15:04",0,NA,NA
"1053","2023-04-03 01:15:39",1,NA,NA
"1054","2023-04-03 02:17:29",2,NA,NA
"1055","2023-04-03 03:12:33",3,NA,NA
"1056","2023-04-03 04:16:40",4,NA,NA
"1057","2023-04-03 05:13:54",5,NA,0
"1058","2023-04-03 06:14:08",6,13,19
"1059","2023-04-03 07:11:27",7,21,32
"1060","2023-04-03 08:22:45",8,87,45
"1061","2023-04-03 09:19:49",9,100,55
"1062","2023-04-03 10:13:36",10,100,56
"1063","2023-04-03 11:15:11",11,64,50
"1064","2023-04-03 12:17:19",12,89,40
"1065","2023-04-03 13:12:37",13,91,33
"1066","2023-04-03 14:17:52",14,16,33
"1067","2023-04-03 15:11:21",15,100,42
"1068","2023-04-03 16:13:34",16,100,59
"1069","2023-04-03 17:11:42",17,100,76
"1070","2023-04-03 18:12:05",18,89,85
"1071","2023-04-03 19:12:59",19,83,81
"1072","2023-04-03 20:59:14",20,100,65
"1073","2023-04-03 22:08:31",22,71,25
"1074","2023-04-03 23:13:57",23,26,11
"1075","2023-04-04 00:15:18",0,NA,NA
"1076","2023-04-04 01:15:02",1,NA,NA
"1077","2023-04-04 02:16:32",2,NA,NA
"1078","2023-04-04 03:12:02",3,NA,NA
"1079","2023-04-04 04:18:06",4,NA,NA
"1080","2023-04-04 05:12:54",5,NA,0
"1081","2023-04-04 06:13:37",6,NA,21
"1082","2023-04-04 07:11:14",7,24,36
"1083","2023-04-04 08:24:54",8,65,51
"1084","2023-04-04 09:19:39",9,96,59
"1085","2023-04-04 10:16:39",10,98,56
"1086","2023-04-04 11:13:42",11,100,44
"1087","2023-04-04 12:18:58",12,63,30
"1088","2023-04-04 13:10:28",13,63,21
"1089","2023-04-04 14:14:35",14,68,23
"1090","2023-04-04 15:12:43",15,12,39
"1091","2023-04-04 16:15:30",16,58,60
"1092","2023-04-04 17:11:46",17,61,73
"1093","2023-04-04 18:12:10",18,88,69
"1094","2023-04-04 19:13:07",19,100,57
"1095","2023-04-04 20:50:00",20,100,52
"1096","2023-04-04 21:49:06",21,75,51
"1097","2023-04-04 22:21:13",22,54,40
"1098","2023-04-04 23:14:39",23,66,20
"1099","2023-04-05 00:15:32",0,NA,NA
"1100","2023-04-05 01:12:16",1,NA,NA
"1101","2023-04-05 02:18:05",2,NA,NA
"1102","2023-04-05 03:12:32",3,NA,NA
"1103","2023-04-05 04:18:10",4,NA,NA
"1104","2023-04-05 05:14:11",5,NA,0
"1105","2023-04-05 06:15:02",6,NA,24
"1106","2023-04-05 07:11:57",7,23,45
"1107","2023-04-05 08:28:31",8,71,58
"1108","2023-04-05 09:25:29",9,100,54
"1109","2023-04-05 10:15:21",10,69,39
"1110","2023-04-05 11:14:48",11,71,28
"1111","2023-04-05 12:19:33",12,71,28
"1112","2023-04-05 13:12:38",13,100,34
"1113","2023-04-05 14:17:56",14,58,42
"1114","2023-04-05 15:11:47",15,86,49
"1115","2023-04-05 16:15:06",16,45,56
"1116","2023-04-05 17:12:31",17,49,63
"1117","2023-04-05 18:11:24",18,100,69
"1118","2023-04-05 19:13:20",19,100,71
"1119","2023-04-05 20:56:10",20,72,65
"1120","2023-04-05 22:03:15",22,16,33
"1121","2023-04-05 23:13:51",23,88,17
"1122","2023-04-06 00:15:14",0,NA,NA
"1123","2023-04-06 01:12:26",1,NA,NA
"1124","2023-04-06 02:17:48",2,NA,NA
"1125","2023-04-06 03:11:52",3,NA,NA
"1126","2023-04-06 04:16:15",4,NA,NA
"1127","2023-04-06 05:12:40",5,NA,0
"1128","2023-04-06 06:13:30",6,NA,14
"1129","2023-04-06 07:11:28",7,10,33
"1130","2023-04-06 08:22:59",8,96,50
"1131","2023-04-06 09:15:35",9,69,51
"1132","2023-04-06 10:12:06",10,63,41
"1133","2023-04-06 11:12:18",11,83,31
"1134","2023-04-06 12:16:03",12,11,29
"1135","2023-04-06 13:11:16",13,73,32
"1136","2023-04-06 14:17:55",14,78,35
"1137","2023-04-06 15:10:22",15,63,37
"1138","2023-04-06 16:14:53",16,52,41
"1139","2023-04-06 17:12:39",17,50,46
"1140","2023-04-06 18:11:49",18,48,53
"1141","2023-04-06 19:13:01",19,59,57
"1142","2023-04-06 20:54:14",20,85,56
"1143","2023-04-06 21:59:47",21,100,46
"1144","2023-04-06 22:31:24",22,55,32
"1145","2023-04-06 23:15:32",23,70,17
"1146","2023-04-07 00:15:09",0,NA,NA
"1147","2023-04-07 01:12:45",1,NA,NA
"1148","2023-04-07 02:16:35",2,NA,NA
"1149","2023-04-07 03:11:53",3,NA,NA
"1150","2023-04-07 04:16:09",4,NA,NA
"1151","2023-04-07 05:13:41",5,NA,0
"1152","2023-04-07 06:15:17",6,NA,16
"1153","2023-04-07 07:11:43",7,NA,27
"1154","2023-04-07 08:21:53",8,100,34
"1155","2023-04-07 09:15:22",9,47,37
"1156","2023-04-07 10:11:58",10,79,49
"1157","2023-04-07 11:12:31",11,80,66
"1158","2023-04-07 12:17:16",12,20,66
"1159","2023-04-07 13:11:27",13,53,49
"1160","2023-04-07 14:15:31",14,55,37
"1161","2023-04-07 15:11:02",15,66,44
"1162","2023-04-07 16:14:22",16,17,61
"1163","2023-04-07 17:11:22",17,61,77
"1164","2023-04-07 18:11:26",18,58,82
"1165","2023-04-07 19:12:21",19,94,74
"1166","2023-04-07 20:55:41",20,0,56
"1167","2023-04-07 21:58:19",21,47,36
"1168","2023-04-07 22:25:46",22,NA,0
"1169","2023-04-07 23:13:04",23,NA,NA
"1170","2023-04-08 00:14:35",0,NA,NA
"1171","2023-04-08 01:11:27",1,NA,NA
"1172","2023-04-08 02:15:22",2,NA,NA
"1173","2023-04-08 03:11:14",3,NA,NA
"1174","2023-04-08 04:14:53",4,NA,NA
"1175","2023-04-08 05:12:28",5,NA,0
"1176","2023-04-08 06:12:36",6,NA,1
"1177","2023-04-08 07:10:37",7,NA,1
"1178","2023-04-08 08:22:00",8,4,1
"1179","2023-04-08 09:13:45",9,26,6
"1180","2023-04-08 10:11:01",10,27,14
"1181","2023-04-08 11:12:18",11,6,24
"1182","2023-04-08 12:17:45",12,51,34
"1183","2023-04-08 13:10:58",13,55,41
"1184","2023-04-08 14:15:28",14,1,44
"1185","2023-04-08 15:13:05",15,9,48
"1186","2023-04-08 16:12:29",16,100,54
"1187","2023-04-08 17:13:10",17,10,59
"1188","2023-04-08 18:11:22",18,57,58
"1189","2023-04-08 19:12:16",19,55,47
"1190","2023-04-08 20:59:39",20,38,30
"1191","2023-04-08 22:06:15",22,NA,0
"1192","2023-04-08 23:12:36",23,NA,NA
"1193","2023-04-09 00:14:43",0,NA,NA
"1194","2023-04-09 01:11:56",1,NA,NA
"1195","2023-04-09 02:14:44",2,NA,NA
"1196","2023-04-09 03:11:20",3,NA,NA
"1197","2023-04-09 04:15:25",4,NA,NA
"1198","2023-04-09 05:11:56",5,NA,NA
"1199","2023-04-09 06:12:36",6,NA,0
"1200","2023-04-09 07:10:19",7,NA,0
"1201","2023-04-09 08:22:09",8,NA,85
"1202","2023-04-09 09:13:32",9,NA,94
"1203","2023-04-09 10:13:20",10,18,93
"1204","2023-04-09 11:14:22",11,68,100
"1205","2023-04-09 12:14:43",12,6,98
"1206","2023-04-09 13:11:22",13,76,82
"1207","2023-04-09 14:15:53",14,28,67
"1208","2023-04-09 15:10:10",15,46,66
"1209","2023-04-09 16:12:43",16,61,72
"1210","2023-04-09 17:11:13",17,46,76
"1211","2023-04-09 18:11:33",18,77,70
"1212","2023-04-09 19:13:17",19,99,56
"1213","2023-04-09 20:59:34",20,32,37
"1214","2023-04-09 22:01:43",22,0,9
"1215","2023-04-09 22:34:01",22,0,9
"1216","2023-04-09 23:13:57",23,95,2
"1217","2023-04-10 00:15:13",0,NA,NA
"1218","2023-04-10 01:14:39",1,NA,NA
"1219","2023-04-10 02:19:01",2,NA,NA
"1220","2023-04-10 03:12:13",3,NA,NA
"1221","2023-04-10 04:16:14",4,NA,NA
"1222","2023-04-10 05:13:41",5,NA,0
"1223","2023-04-10 06:13:44",6,18,19
"1224","2023-04-10 07:11:26",7,48,32
"1225","2023-04-10 08:22:44",8,46,45
"1226","2023-04-10 09:15:34",9,100,55
"1227","2023-04-10 10:12:40",10,100,56
"1228","2023-04-10 11:14:03",11,26,50
"1229","2023-04-10 12:16:33",12,22,40
"1230","2023-04-10 13:12:06",13,91,33
"1231","2023-04-10 14:15:56",14,94,33
"1232","2023-04-10 15:10:47",15,100,42
"1233","2023-04-10 16:13:07",16,53,59
"1234","2023-04-10 17:12:18",17,9,76
"1235","2023-04-10 18:12:39",18,6,85
"1236","2023-04-10 19:13:23",19,73,81
"1237","2023-04-10 20:59:32",20,17,65
"1238","2023-04-10 22:04:39",22,69,25
"1239","2023-04-10 23:16:21",23,42,11
"1240","2023-04-11 00:14:42",0,NA,NA
"1241","2023-04-11 01:12:14",1,NA,NA
"1242","2023-04-11 02:15:44",2,NA,NA
"1243","2023-04-11 03:12:07",3,NA,NA
"1244","2023-04-11 04:18:07",4,NA,NA
"1245","2023-04-11 05:13:32",5,NA,0
"1246","2023-04-11 06:14:28",6,16,21
"1247","2023-04-11 07:11:00",7,9,36
"1248","2023-04-11 08:23:02",8,100,51
"1249","2023-04-11 09:16:52",9,100,59
"1250","2023-04-11 10:14:49",10,95,56
"1251","2023-04-11 11:13:21",11,90,44
"1252","2023-04-11 12:16:51",12,50,30
"1253","2023-04-11 13:11:32",13,50,21
"1254","2023-04-11 14:15:18",14,4,23
"1255","2023-04-11 15:14:02",15,83,39
"1256","2023-04-11 16:15:23",16,92,60
"1257","2023-04-11 17:11:59",17,100,73
"1258","2023-04-11 18:12:12",18,88,69
"1259","2023-04-11 19:12:08",19,77,57
"1260","2023-04-11 20:57:47",20,65,52
"1261","2023-04-11 22:04:05",22,88,40
"1262","2023-04-11 23:13:03",23,0,20
"1263","2023-04-12 00:14:45",0,NA,NA
"1264","2023-04-12 01:12:46",1,NA,NA
"1265","2023-04-12 02:17:07",2,NA,NA
"1266","2023-04-12 03:12:15",3,NA,NA
"1267","2023-04-12 04:19:30",4,NA,NA
"1268","2023-04-12 05:12:42",5,NA,0
"1269","2023-04-12 06:13:26",6,NA,24
"1270","2023-04-12 07:14:49",7,75,45
"1271","2023-04-12 08:23:45",8,100,58
"1272","2023-04-12 09:16:41",9,100,54
"1273","2023-04-12 10:13:41",10,66,39
"1274","2023-04-12 11:14:19",11,68,28
"1275","2023-04-12 12:16:40",12,43,28
"1276","2023-04-12 13:12:36",13,0,34
"1277","2023-04-12 14:15:27",14,100,42
"1278","2023-04-12 15:12:07",15,100,49
"1279","2023-04-12 16:13:57",16,95,56
"1280","2023-04-12 17:12:12",17,99,63
"1281","2023-04-12 18:12:54",18,100,69
"1282","2023-04-12 19:12:24",19,100,71
"1283","2023-04-12 20:57:05",20,65,65
"1284","2023-04-12 22:05:42",22,84,33
"1285","2023-04-12 23:13:33",23,97,17
"1286","2023-04-13 00:14:51",0,NA,NA
"1287","2023-04-13 01:14:52",1,NA,NA
"1288","2023-04-13 02:16:26",2,NA,NA
"1289","2023-04-13 03:14:19",3,NA,NA
"1290","2023-04-13 04:16:10",4,NA,NA
"1291","2023-04-13 05:14:35",5,NA,0
"1292","2023-04-13 06:18:57",6,NA,14
"1293","2023-04-13 07:11:16",7,69,33
"1294","2023-04-13 08:23:46",8,77,50
"1295","2023-04-13 09:17:11",9,67,51
"1296","2023-04-13 10:12:11",10,61,41
"1297","2023-04-13 11:13:24",11,32,31
"1298","2023-04-13 12:18:32",12,55,29
"1299","2023-04-13 13:13:05",13,43,32
"1300","2023-04-13 14:15:42",14,56,35
"1301","2023-04-13 15:14:05",15,25,37
"1302","2023-04-13 16:15:31",16,54,41
"1303","2023-04-13 17:11:32",17,100,46
"1304","2023-04-13 18:12:04",18,82,53
"1305","2023-04-13 19:13:01",19,71,57
"1306","2023-04-13 20:57:17",20,26,56
"1307","2023-04-13 22:04:44",22,74,32
"1308","2023-04-13 22:39:58",22,74,32
"1309","2023-04-13 23:13:20",23,100,17
"1310","2023-04-14 00:14:52",0,NA,NA
"1311","2023-04-14 01:12:57",1,NA,NA
"1312","2023-04-14 02:16:49",2,NA,NA
"1313","2023-04-14 03:12:44",3,NA,NA
"1314","2023-04-14 04:15:28",4,NA,NA
"1315","2023-04-14 05:15:40",5,NA,0
"1316","2023-04-14 06:13:32",6,8,16
"1317","2023-04-14 07:13:07",7,19,27
"1318","2023-04-14 08:24:44",8,74,34
"1319","2023-04-14 09:15:54",9,57,37
"1320","2023-04-14 10:14:26",10,54,49
"1321","2023-04-14 11:13:33",11,48,66
"1322","2023-04-14 12:17:46",12,38,57
"1323","2023-04-14 13:11:30",13,33,49
"1324","2023-04-14 14:15:25",14,51,45
"1325","2023-04-14 15:11:55",15,57,53
"1326","2023-04-14 16:13:35",16,91,71
"1327","2023-04-14 17:13:12",17,61,86
"1328","2023-04-14 18:12:34",18,58,89
"1329","2023-04-14 19:12:22",19,100,76
"1330","2023-04-14 21:00:46",21,100,31
"1331","2023-04-14 22:06:33",22,NA,0
"1332","2023-04-14 23:14:31",23,NA,NA
"1333","2023-04-15 00:14:23",0,NA,NA
"1334","2023-04-15 01:11:40",1,NA,NA
"1335","2023-04-15 02:15:50",2,NA,NA
"1336","2023-04-15 03:11:38",3,NA,NA
"1337","2023-04-15 04:15:06",4,NA,NA
"1338","2023-04-15 05:11:50",5,NA,0
"1339","2023-04-15 06:12:56",6,1,1
"1340","2023-04-15 07:10:32",7,NA,0
"1341","2023-04-15 08:21:54",8,NA,3
"1342","2023-04-15 09:13:41",9,5,8
"1343","2023-04-15 10:10:56",10,6,14
"1344","2023-04-15 11:11:56",11,20,22
"1345","2023-04-15 12:15:39",12,81,31
"1346","2023-04-15 13:10:36",13,47,39
"1347","2023-04-15 14:14:17",14,86,47
"1348","2023-04-15 15:11:37",15,21,55
"1349","2023-04-15 16:12:59",16,2,65
"1350","2023-04-15 17:11:09",17,100,73
"1351","2023-04-15 18:14:24",18,61,71
"1352","2023-04-15 19:12:17",19,51,54
"1353","2023-04-15 21:03:05",21,0,14
"1354","2023-04-15 22:12:59",22,NA,0
"1355","2023-04-15 23:14:30",23,NA,NA
"1356","2023-04-16 00:14:27",0,NA,NA
"1357","2023-04-16 01:12:09",1,NA,NA
"1358","2023-04-16 02:18:05",2,NA,NA
"1359","2023-04-16 03:12:03",3,NA,NA
"1360","2023-04-16 04:15:03",4,NA,NA
"1361","2023-04-16 05:12:11",5,NA,NA
"1362","2023-04-16 06:12:49",6,NA,0
"1363","2023-04-16 07:10:18",7,NA,0
"1364","2023-04-16 08:22:31",8,NA,87
"1365","2023-04-16 09:14:03",9,3,90
"1366","2023-04-16 10:13:09",10,5,80
"1367","2023-04-16 11:14:29",11,55,90
"1368","2023-04-16 12:15:02",12,48,93
"1369","2023-04-16 13:10:57",13,47,80
"1370","2023-04-16 14:14:51",14,57,68
"1371","2023-04-16 15:10:09",15,56,72
"1372","2023-04-16 16:14:56",16,40,87
"1373","2023-04-16 17:11:25",17,52,100
"1374","2023-04-16 18:12:11",18,50,96
"1375","2023-04-16 21:01:22",21,24,26
"1376","2023-04-16 22:06:58",22,51,10
"1377","2023-04-16 23:14:13",23,81,2
"1378","2023-04-17 00:16:50",0,NA,NA
"1379","2023-04-17 01:13:13",1,NA,NA
"1380","2023-04-17 02:16:42",2,NA,NA
"1381","2023-04-17 03:13:12",3,NA,NA
"1382","2023-04-17 04:16:35",4,NA,NA
"1383","2023-04-17 05:13:42",5,NA,0
"1384","2023-04-17 06:14:20",6,NA,18
"1385","2023-04-17 07:12:21",7,54,35
"1386","2023-04-17 08:24:16",8,71,52
"1387","2023-04-17 09:19:56",9,81,62
"1388","2023-04-17 10:13:14",10,81,59
"1389","2023-04-17 11:13:43",11,32,46
"1390","2023-04-17 12:16:48",12,22,34
"1391","2023-04-17 13:12:04",13,100,31
"1392","2023-04-17 14:16:38",14,37,37
"1393","2023-04-17 15:09:48",15,4,50
"1394","2023-04-17 16:13:53",16,63,63
"1395","2023-04-17 17:11:49",17,32,75
"1396","2023-04-17 18:12:12",18,65,85
"1397","2023-04-17 19:14:55",19,100,93
"1398","2023-04-17 20:58:18",20,71,90
"1399","2023-04-17 22:02:23",22,44,42
"1400","2023-04-17 23:13:10",23,96,18
"1401","2023-04-18 00:15:29",0,NA,NA
"1402","2023-04-18 01:14:32",1,NA,NA
"1403","2023-04-18 02:18:15",2,NA,NA
"1404","2023-04-18 03:12:20",3,NA,NA
"1405","2023-04-18 04:17:14",4,NA,NA
"1406","2023-04-18 05:13:27",5,NA,0
"1407","2023-04-18 06:13:25",6,21,19
"1408","2023-04-18 07:11:27",7,14,36
"1409","2023-04-18 08:24:21",8,21,54
"1410","2023-04-18 09:17:29",9,100,62
"1411","2023-04-18 10:15:12",10,56,59
"1412","2023-04-18 11:15:00",11,44,44
"1413","2023-04-18 12:14:50",12,21,28
"1414","2023-04-18 13:10:33",13,1,19
"1415","2023-04-18 14:16:27",14,5,25
"1416","2023-04-18 15:12:34",15,93,44
"1417","2023-04-18 16:14:00",16,100,69
"1418","2023-04-18 17:12:04",17,55,86
"1419","2023-04-18 18:12:05",18,100,88
"1420","2023-04-18 19:13:34",19,100,81
"1421","2023-04-18 21:01:32",21,50,67
"1422","2023-04-18 22:09:00",22,42,48
"1423","2023-04-18 23:14:18",23,58,23
"1424","2023-04-19 00:16:31",0,NA,NA
"1425","2023-04-19 01:12:49",1,NA,NA
"1426","2023-04-19 02:17:35",2,NA,NA
"1427","2023-04-19 03:12:36",3,NA,NA
"1428","2023-04-19 04:16:25",4,NA,NA
"1429","2023-04-19 05:13:35",5,NA,0
"1430","2023-04-19 06:15:44",6,20,23
"1431","2023-04-19 07:11:47",7,34,40
"1432","2023-04-19 08:22:48",8,63,56
"1433","2023-04-19 09:16:41",9,61,63
"1434","2023-04-19 10:12:29",10,100,59
"1435","2023-04-19 11:13:49",11,68,46
"1436","2023-04-19 12:16:26",12,61,33
"1437","2023-04-19 13:11:36",13,79,28
"1438","2023-04-19 14:16:56",14,46,34
"1439","2023-04-19 15:12:08",15,0,50
"1440","2023-04-19 16:13:59",16,47,70
"1441","2023-04-19 17:12:04",17,11,89
"1442","2023-04-19 18:14:41",18,10,99
"1443","2023-04-19 19:14:36",19,100,96
"1444","2023-04-19 20:58:08",20,100,82
"1445","2023-04-19 22:03:09",22,21,40
"1446","2023-04-19 23:13:47",23,0,22
"1447","2023-04-20 00:15:15",0,NA,NA
"1448","2023-04-20 01:13:37",1,NA,NA
"1449","2023-04-20 02:17:53",2,NA,NA
"1450","2023-04-20 03:13:02",3,NA,NA
"1451","2023-04-20 04:16:33",4,NA,NA
"1452","2023-04-20 05:13:27",5,NA,0
"1453","2023-04-20 06:13:52",6,11,14
"1454","2023-04-20 07:12:41",7,25,41
"1455","2023-04-20 08:25:27",8,100,62
"1456","2023-04-20 09:17:23",9,100,58
"1457","2023-04-20 10:12:48",10,94,45
"1458","2023-04-20 11:13:17",11,100,45
"1459","2023-04-20 12:16:43",12,49,45
"1460","2023-04-20 13:12:26",13,100,39
"1461","2023-04-20 14:17:58",14,70,32
"1462","2023-04-20 15:12:53",15,13,35
"1463","2023-04-20 16:15:37",16,38,46
"1464","2023-04-20 17:11:26",17,100,59
"1465","2023-04-20 18:12:24",18,100,68
"1466","2023-04-20 19:13:24",19,85,71
"1467","2023-04-20 20:58:27",20,63,66
"1468","2023-04-20 22:05:01",22,57,35
"1469","2023-04-20 23:14:36",23,75,19
"1470","2023-04-21 00:15:34",0,NA,NA
"1471","2023-04-21 01:12:17",1,NA,NA
"1472","2023-04-21 02:19:51",2,NA,NA
"1473","2023-04-21 03:12:33",3,NA,NA
"1474","2023-04-21 04:16:24",4,NA,NA
"1475","2023-04-21 05:12:36",5,NA,NA
"1476","2023-04-21 06:13:51",6,24,0
"1477","2023-04-21 07:10:58",7,24,0
"1478","2023-04-21 08:22:48",8,92,47
"1479","2023-04-21 09:16:08",9,100,44
"1480","2023-04-21 10:12:05",10,100,49
"1481","2023-04-21 11:13:18",11,38,63
"1482","2023-04-21 12:17:34",12,87,66
"1483","2023-04-21 13:14:21",13,100,53
"1484","2023-04-21 14:16:46",14,6,45
"1485","2023-04-21 15:11:51",15,66,52
"1486","2023-04-21 16:13:25",16,5,66
"1487","2023-04-21 17:11:06",17,91,77
"1488","2023-04-21 18:13:02",18,100,76
"1489","2023-04-21 19:12:42",19,86,65
"1490","2023-04-21 20:58:45",20,100,47
"1491","2023-04-21 22:07:11",22,NA,0
"1492","2023-04-21 23:13:09",23,NA,0
"1493","2023-04-22 00:15:04",0,NA,NA
"1494","2023-04-22 01:12:02",1,NA,NA
"1495","2023-04-22 02:16:36",2,NA,NA
"1496","2023-04-22 03:12:40",3,NA,NA
"1497","2023-04-22 04:15:40",4,NA,NA
"1498","2023-04-22 05:12:14",5,NA,NA
"1499","2023-04-22 06:12:57",6,NA,0
"1500","2023-04-22 07:11:34",7,NA,0
"1501","2023-04-22 08:22:19",8,8,3
"1502","2023-04-22 09:14:03",9,15,7
"1503","2023-04-22 10:11:05",10,6,14
"1504","2023-04-22 11:12:31",11,53,23
"1505","2023-04-22 12:15:21",12,38,31
"1506","2023-04-22 13:12:10",13,4,36
"1507","2023-04-22 14:14:38",14,1,39
"1508","2023-04-22 15:10:54",15,34,48
"1509","2023-04-22 16:14:12",16,19,73
"1510","2023-04-22 17:11:50",17,13,100
"1511","2023-04-22 18:12:26",18,61,95
"1512","2023-04-22 19:12:29",19,55,58
"1513","2023-04-22 21:04:54",21,57,9
"1514","2023-04-22 22:37:47",22,NA,0
"1515","2023-04-22 23:13:36",23,NA,0
"1516","2023-04-23 00:15:04",0,NA,NA
"1517","2023-04-23 01:12:31",1,NA,NA
"1518","2023-04-23 02:15:53",2,NA,NA
"1519","2023-04-23 03:11:34",3,NA,NA
"1520","2023-04-23 04:14:58",4,NA,NA
"1521","2023-04-23 05:13:15",5,NA,0
"1522","2023-04-23 06:13:36",6,NA,0
"1523","2023-04-23 07:10:55",7,NA,0
"1524","2023-04-23 08:22:12",8,NA,73
"1525","2023-04-23 09:14:17",9,NA,95
"1526","2023-04-23 10:11:07",10,NA,98
"1527","2023-04-23 11:12:34",11,6,97
"1528","2023-04-23 12:15:25",12,37,92
"1529","2023-04-23 13:13:50",13,90,81
"1530","2023-04-23 14:15:00",14,100,71
"1531","2023-04-23 15:10:30",15,1,71
"1532","2023-04-23 16:14:21",16,35,77
"1533","2023-04-23 17:11:03",17,68,80
"1534","2023-04-23 18:12:22",18,100,75
"1535","2023-04-23 19:12:22",19,0,62
"1536","2023-04-23 20:59:50",20,28,44
"1537","2023-04-23 22:09:02",22,0,14
"1538","2023-04-23 23:13:54",23,12,6
"1539","2023-04-24 00:15:51",0,NA,NA
"1540","2023-04-24 01:12:50",1,NA,NA
"1541","2023-04-24 02:16:47",2,NA,NA
"1542","2023-04-24 03:12:50",3,NA,NA
"1543","2023-04-24 04:16:58",4,NA,NA
"1544","2023-04-24 05:13:45",5,NA,0
"1545","2023-04-24 06:15:39",6,NA,21
"1546","2023-04-24 07:11:29",7,31,39
"1547","2023-04-24 08:24:08",8,100,57
"1548","2023-04-24 09:16:40",9,80,67
"1549","2023-04-24 10:13:10",10,76,63
"1550","2023-04-24 11:14:01",11,58,50
